class_name,expert_segments,share
seizure,20933,0.195999
lpd,14856,0.139101
gpd,16702,0.156386
lrda,16640,0.155805
grda,18861,0.176601
other,18808,0.176109

