eeg_id,seizure_probability,lpd_probability,gpd_probability,lrda_probability,grda_probability,other_probability
100000,0.21847135328195194,0.40331506939216416,0.24579984224368265,0.02950673405224461,0.01939466308188247,0.08351233794807426
100001,0.16165209208973316,0.11366804641480742,0.4175403150145121,0.14473999594129897,0.12952256099899967,0.032876989540648605
100002,0.03693540927386624,0.49338673194059635,0.11742503500737805,0.2517427779881552,0.02823224846023575,0.07227779732976826
100003,0.05293816537387919,0.08863594636253047,0.47498311330746107,0.043800045215842964,0.11285720477138587,0.22678552496890025
100004,0.09197148453521828,0.13944344732816194,0.14375167651739387,0.2726223360342921,0.11659359428142309,0.23561746130351086
