eeg_id,seizure_probability,lpd_probability,gpd_probability,lrda_probability,grda_probability,other_probability
100000,0.1921863335021361,0.09702462714123414,0.1634950941781202,0.21807568233106803,0.22961722984614014,0.09960103300130135
100001,0.14218877918836245,0.22046296505469365,0.19029082459958577,0.09366350526738071,0.17914890312222656,0.17424502276775067
100002,0.12035610330939608,0.1707729314999222,0.0995958890761349,0.15068870373970816,0.23886373661878726,0.21972263575605147
100003,0.18481249740268446,0.08491871337405436,0.1971067574352179,0.161060735010284,0.1365719333574587,0.23552936342030067
100004,0.12304272149143232,0.18929042481701058,0.255190706064748,0.19521232404610422,0.11536894503743601,0.12189487854326893
